[{"id":"6285894214016@s.whatsapp.net","uang":19},{"id":"6283171426085@s.whatsapp.net","uang":759},{"id":"13605024221@s.whatsapp.net","uang":35},{"id":"6288286421519@s.whatsapp.net","uang":445},{"id":"6288292024190@s.whatsapp.net","uang":687},{"id":"6282166794647@s.whatsapp.net","uang":27},{"id":"6289626692456@s.whatsapp.net","uang":188},{"id":"62822969587146@s.whatsapp.net","uang":19},{"id":"6283131479351@s.whatsapp.net","uang":75},{"id":"6285777451314@s.whatsapp.net","uang":93},{"id":"6288239030185@s.whatsapp.net","uang":39},{"id":"6283183586629@s.whatsapp.net","uang":270},{"id":"628889578024@s.whatsapp.net","uang":79},{"id":"6283152753417@s.whatsapp.net","uang":197},{"id":"6289686869540@s.whatsapp.net","uang":64},{"id":"60168233052@s.whatsapp.net","uang":11},{"id":"6289653151096@s.whatsapp.net","uang":386},{"id":"62895616063516@s.whatsapp.net","uang":833},{"id":"6285883422889@s.whatsapp.net","uang":404},{"id":"6289635851839@s.whatsapp.net","uang":259},{"id":"6281283320841@s.whatsapp.net","uang":33},{"id":"6283877523796@s.whatsapp.net","uang":213},{"id":"6285717201954@s.whatsapp.net","uang":19},{"id":"62895351493999@s.whatsapp.net","uang":14},{"id":"6285832017321@s.whatsapp.net","uang":18},{"id":"6283134919836@s.whatsapp.net","uang":168},{"id":"6281933972808@s.whatsapp.net","uang":14},{"id":"6288267151762@s.whatsapp.net","uang":44},{"id":"6289531221685@s.whatsapp.net","uang":690},{"id":"6282125071478@s.whatsapp.net","uang":31},{"id":"628875010838@s.whatsapp.net","uang":172},{"id":"62882015475507@s.whatsapp.net","uang":63},{"id":"6287832288238@s.whatsapp.net","uang":134},{"id":"6282152723538@s.whatsapp.net","uang":19},{"id":"6282183785004@s.whatsapp.net","uang":167},{"id":"62856924165530@s.whatsapp.net","uang":33},{"id":"6281229859085@s.whatsapp.net","uang":17},{"id":"60139571124@s.whatsapp.net","uang":26},{"id":"60175084410@s.whatsapp.net","uang":29},{"id":"6285802915480@s.whatsapp.net","uang":30},{"id":"62858106219831@s.whatsapp.net","uang":46},{"id":"6288232156681@s.whatsapp.net","uang":317},{"id":"6282181635983@s.whatsapp.net","uang":19},{"id":"60135151103@s.whatsapp.net","uang":119},{"id":"27659849881@s.whatsapp.net","uang":13},{"id":"6285742694213@s.whatsapp.net","uang":30},{"id":"6287762211841@s.whatsapp.net","uang":16},{"id":"62895403595995@s.whatsapp.net","uang":23},{"id":"6281354211117@s.whatsapp.net","uang":145},{"id":"62852985327189@s.whatsapp.net","uang":50},{"id":"6285803357947@s.whatsapp.net","uang":115},{"id":"6283198310459@s.whatsapp.net","uang":107},{"id":"6283128596547@s.whatsapp.net","uang":223},{"id":"6287857180075@s.whatsapp.net","uang":16},{"id":"62895422872318@s.whatsapp.net","uang":15},{"id":"60143581850@s.whatsapp.net","uang":11},{"id":"6289652948525@s.whatsapp.net","uang":12},{"id":"6285700480317@s.whatsapp.net","uang":33},{"id":"62895364353888@s.whatsapp.net","uang":17},{"id":"6283125957279@s.whatsapp.net","uang":15},{"id":"6285253111339@s.whatsapp.net","uang":12},{"id":"6281248249833@s.whatsapp.net","uang":466},{"id":"6285215319934@s.whatsapp.net","uang":2527},{"id":"62895326097674@s.whatsapp.net","uang":714},{"id":"6283892325360@s.whatsapp.net","uang":3449},{"id":"62895704151428@s.whatsapp.net","uang":781},{"id":"18777382006@s.whatsapp.net","uang":70},{"id":"6285695451209@s.whatsapp.net","uang":361},{"id":"62852153199344@s.whatsapp.net","uang":166},{"id":"6287828304267@s.whatsapp.net","uang":478},{"id":"6285221247190@s.whatsapp.net","uang":110},{"id":"62857147461451@s.whatsapp.net","uang":487},{"id":"6285156476017@s.whatsapp.net","uang":134},{"id":"6283175068434@s.whatsapp.net","uang":441},{"id":"6282138188516@s.whatsapp.net","uang":458},{"id":"6289636634511@s.whatsapp.net","uang":18},{"id":"62858633808046@s.whatsapp.net","uang":464},{"id":"6281905473135@s.whatsapp.net","uang":16},{"id":"62896439884282@s.whatsapp.net","uang":25},{"id":"6287898036516@s.whatsapp.net","uang":270},{"id":"62859662529689@s.whatsapp.net","uang":362},{"id":"6285876275834@s.whatsapp.net","uang":702},{"id":"6281328507885@s.whatsapp.net","uang":406},{"id":"6283817368238@s.whatsapp.net","uang":130},{"id":"6285764424816@s.whatsapp.net","uang":1086},{"id":"6287772549185@s.whatsapp.net","uang":160},{"id":"6285821676621@s.whatsapp.net","uang":5211},{"id":"6281325685762@s.whatsapp.net","uang":4022},{"id":"6289515716659@s.whatsapp.net","uang":99},{"id":"43650888885688@s.whatsapp.net","uang":499},{"id":"6281217151443@s.whatsapp.net","uang":26},{"id":"6281314050985@s.whatsapp.net","uang":966},{"id":"62852830926459@s.whatsapp.net","uang":6266},{"id":"6283153448697@s.whatsapp.net","uang":464},{"id":"14423464673@s.whatsapp.net","uang":318},{"id":"62819288877655@s.whatsapp.net","uang":11},{"id":"6287752665354@s.whatsapp.net","uang":15},{"id":"6281379753850@s.whatsapp.net","uang":626},{"id":"6285781385825@s.whatsapp.net","uang":84},{"id":"6289523596545@s.whatsapp.net","uang":6363},{"id":"6281226331660@s.whatsapp.net","uang":218},{"id":"6285854739768@s.whatsapp.net","uang":326},{"id":"628990951073@s.whatsapp.net","uang":65},{"id":"6281333782061@s.whatsapp.net","uang":447},{"id":"6281211869655@s.whatsapp.net","uang":580},{"id":"6283169674212@s.whatsapp.net","uang":383},{"id":"6281284838025@s.whatsapp.net","uang":472},{"id":"6281522646357@s.whatsapp.net","uang":273},{"id":"6281212133296@s.whatsapp.net","uang":69},{"id":"62857068190521@s.whatsapp.net","uang":44},{"id":"62887436974749@s.whatsapp.net","uang":55},{"id":"6287893168997@s.whatsapp.net","uang":96},{"id":"6281333603591@s.whatsapp.net","uang":301},{"id":"62813345116361@s.whatsapp.net","uang":12},{"id":"6285815700875@s.whatsapp.net","uang":290},{"id":"628113459292@s.whatsapp.net","uang":25},{"id":"6288220286345@s.whatsapp.net","uang":14},{"id":"6282182623238@s.whatsapp.net","uang":4733},{"id":"994405244052@s.whatsapp.net","uang":273},{"id":"6283813241052@s.whatsapp.net","uang":125},{"id":"972526481359@s.whatsapp.net","uang":1127},{"id":"6283159839137@s.whatsapp.net","uang":113},{"id":"6289654097314@s.whatsapp.net","uang":18},{"id":"6283148375193@s.whatsapp.net","uang":68},{"id":"6285822119562@s.whatsapp.net","uang":501},{"id":"6283897228022@s.whatsapp.net","uang":317},{"id":"62895395103096@s.whatsapp.net","uang":1381},{"id":"6285779696050@s.whatsapp.net","uang":45},{"id":"6283148897828@s.whatsapp.net","uang":275},{"id":"62895704121737@s.whatsapp.net","uang":23},{"id":"6289663660768@s.whatsapp.net","uang":134},{"id":"380946464764@s.whatsapp.net","uang":60},{"id":"6281572562504@s.whatsapp.net","uang":33},{"id":"62895619083555@s.whatsapp.net","uang":30},{"id":"6283872123464@s.whatsapp.net","uang":56},{"id":"6285930332412@s.whatsapp.net","uang":43},{"id":"628988851515@s.whatsapp.net","uang":339},{"id":"6282286418100@s.whatsapp.net","uang":869},{"id":"6282138685626@s.whatsapp.net","uang":632},{"id":"6283122268649@s.whatsapp.net","uang":45},{"id":"6281310116397@s.whatsapp.net","uang":33},{"id":"16678668215@s.whatsapp.net","uang":275},{"id":"6289654981061@s.whatsapp.net","uang":31},{"id":"62895704041437@s.whatsapp.net","uang":49},{"id":"6281326278563@s.whatsapp.net","uang":217},{"id":"6282154563905@s.whatsapp.net","uang":251},{"id":"916002313582@s.whatsapp.net","uang":83},{"id":"62817766771251@s.whatsapp.net","uang":259},{"id":"6282139380707@s.whatsapp.net","uang":2109},{"id":"6287701530405@s.whatsapp.net","uang":5382},{"id":"6282324011249@s.whatsapp.net","uang":181},{"id":"447441411808@s.whatsapp.net","uang":13},{"id":"6285820612056@s.whatsapp.net","uang":61},{"id":"6288293917661@s.whatsapp.net","uang":26},{"id":"6285258698878@s.whatsapp.net","uang":227},{"id":"6288803575774@s.whatsapp.net","uang":207},{"id":"62895360478906@s.whatsapp.net","uang":51},{"id":"62852232723520@s.whatsapp.net","uang":223},{"id":"6285775648642@s.whatsapp.net","uang":429},{"id":"628871767750@s.whatsapp.net","uang":175},{"id":"6281905390184@s.whatsapp.net","uang":24},{"id":"6283146208804@s.whatsapp.net","uang":45},{"id":"5493813351654@s.whatsapp.net","uang":302},{"id":"6283151954293@s.whatsapp.net","uang":258},{"id":"6285719821928@s.whatsapp.net","uang":30},{"id":"62858110939306@s.whatsapp.net","uang":13},{"id":"79616430574@s.whatsapp.net","uang":221},{"id":"6285717890207@s.whatsapp.net","uang":71},{"id":"6285846098802@s.whatsapp.net","uang":93},{"id":"62831611374761@s.whatsapp.net","uang":227},{"id":"6283162322610@s.whatsapp.net","uang":14},{"id":"6285333868233@s.whatsapp.net","uang":242},{"id":"6283171186675@s.whatsapp.net","uang":165},{"id":"62896041117700@s.whatsapp.net","uang":233},{"id":"6281254157599@s.whatsapp.net","uang":18},{"id":"6289521928122@s.whatsapp.net","uang":1239},{"id":"62895321046742@s.whatsapp.net","uang":37},{"id":"62856047569642@s.whatsapp.net","uang":317},{"id":"6287885551085@s.whatsapp.net","uang":641},{"id":"6287839061409@s.whatsapp.net","uang":226},{"id":"6281274675573@s.whatsapp.net","uang":45},{"id":"6281254282658@s.whatsapp.net","uang":16},{"id":"14256162422@s.whatsapp.net","uang":175},{"id":"6281389997487@s.whatsapp.net","uang":817},{"id":"62838774546951@s.whatsapp.net","uang":33},{"id":"6289669646852@s.whatsapp.net","uang":152},{"id":"6281804680327@s.whatsapp.net","uang":261},{"id":"6281996100559@s.whatsapp.net","uang":43},{"id":"62881024400884@s.whatsapp.net","uang":407},{"id":"380946438566@s.whatsapp.net","uang":320},{"id":"6289654853681@s.whatsapp.net","uang":170},{"id":"6285881193675@s.whatsapp.net","uang":544},{"id":"6288809339800@s.whatsapp.net","uang":4517},{"id":"6287825739144@s.whatsapp.net","uang":11},{"id":"6281227144597@s.whatsapp.net","uang":331},{"id":"6281210510708@s.whatsapp.net","uang":40},{"id":"6285796412943@s.whatsapp.net","uang":54},{"id":"6281514320594@s.whatsapp.net","uang":151},{"id":"62831711866754@s.whatsapp.net","uang":69},{"id":"6281392996183@s.whatsapp.net","uang":31},{"id":"62895340340728@s.whatsapp.net","uang":129},{"id":"6285882897003@s.whatsapp.net","uang":49},{"id":"6285162733405@s.whatsapp.net","uang":29},{"id":"6285852688728@s.whatsapp.net","uang":119},{"id":"6285694982557@s.whatsapp.net","uang":250},{"id":"6285656970235@s.whatsapp.net","uang":29},{"id":"6287886521731@s.whatsapp.net","uang":68},{"id":"6282311465174@s.whatsapp.net","uang":11},{"id":"6281990536050@s.whatsapp.net","uang":364},{"id":"62882902080551@s.whatsapp.net","uang":27},{"id":"85298724996@s.whatsapp.net","uang":19},{"id":"16618400314@s.whatsapp.net","uang":52},{"id":"6283813697481@s.whatsapp.net","uang":32},{"id":"6281248453720@s.whatsapp.net","uang":393},{"id":"62895413237500@s.whatsapp.net","uang":29},{"id":"6288269017824@s.whatsapp.net","uang":242},{"id":"558181718175@s.whatsapp.net","uang":14},{"id":"6285773557984@s.whatsapp.net","uang":547},{"id":"6281217152804@s.whatsapp.net","uang":12},{"id":"6285387588438@s.whatsapp.net","uang":337},{"id":"62813872896177@s.whatsapp.net","uang":77},{"id":"6282244111172@s.whatsapp.net","uang":303},{"id":"6285861591200@s.whatsapp.net","uang":200},{"id":"380944339789@s.whatsapp.net","uang":17},{"id":"6285697725326@s.whatsapp.net","uang":11},{"id":"6285759150823@s.whatsapp.net","uang":474},{"id":"62878571848184@s.whatsapp.net","uang":124},{"id":"6285722007591@s.whatsapp.net","uang":32},{"id":"628895656884@s.whatsapp.net","uang":18},{"id":"62896351887870@s.whatsapp.net","uang":29},{"id":"994401759090@s.whatsapp.net","uang":58},{"id":"6287721317870@s.whatsapp.net","uang":16},{"id":"12138009523@s.whatsapp.net","uang":204},{"id":"62813124529573@s.whatsapp.net","uang":16},{"id":"6285710205786@s.whatsapp.net","uang":14},{"id":"62813140509857@s.whatsapp.net","uang":11},{"id":"19152570233@s.whatsapp.net","uang":11},{"id":"6283839163252@s.whatsapp.net","uang":16},{"id":"62856431126591@s.whatsapp.net","uang":13},{"id":"6289505936100@s.whatsapp.net","uang":13},{"id":"6283169437747@s.whatsapp.net","uang":44},{"id":"6289517555527@s.whatsapp.net","uang":71},{"id":"6282257265042@s.whatsapp.net","uang":66},{"id":"18552025102@s.whatsapp.net","uang":14},{"id":"6282314945767@s.whatsapp.net","uang":14},{"id":"6281575744786@s.whatsapp.net","uang":16},{"id":"6283138916237@s.whatsapp.net","uang":47},{"id":"6282284292045@s.whatsapp.net","uang":62},{"id":"60108040785@s.whatsapp.net","uang":70},{"id":"6281225814338@s.whatsapp.net","uang":74},{"id":"6283891516667@s.whatsapp.net","uang":17},{"id":"6283895920017@s.whatsapp.net","uang":161},{"id":"6281477107814@s.whatsapp.net","uang":79},{"id":"6285658585241@s.whatsapp.net","uang":15},{"id":"12562724453@s.whatsapp.net","uang":920},{"id":"6285232350241@s.whatsapp.net","uang":43},{"id":"6281222240455@s.whatsapp.net","uang":202},{"id":"6287829052307@s.whatsapp.net","uang":105},{"id":"6281218082053@s.whatsapp.net","uang":1148},{"id":"62811703054@s.whatsapp.net","uang":324},{"id":"6285751345761@s.whatsapp.net","uang":14},{"id":"6287841171672@s.whatsapp.net","uang":12},{"id":"15108630979@s.whatsapp.net","uang":78},{"id":"6282133204077@s.whatsapp.net","uang":753},{"id":"6283801327474@s.whatsapp.net","uang":78},{"id":"6281295348577@s.whatsapp.net","uang":122},{"id":"6285161879623@s.whatsapp.net","uang":48},{"id":"6285245194440@s.whatsapp.net","uang":110},{"id":"6283877914381@s.whatsapp.net","uang":141},{"id":"6287720278988@s.whatsapp.net","uang":234},{"id":"6283142492987@s.whatsapp.net","uang":166},{"id":"62858751691946@s.whatsapp.net","uang":236},{"id":"6283815506353@s.whatsapp.net","uang":14},{"id":"6283104820837@s.whatsapp.net","uang":50},{"id":"6289656714291@s.whatsapp.net","uang":214},{"id":"6285821310166@s.whatsapp.net","uang":445},{"id":"628979620281@s.whatsapp.net","uang":13},{"id":"62888093398006@s.whatsapp.net","uang":129},{"id":"6285264696617@s.whatsapp.net","uang":16},{"id":"6281256574918@s.whatsapp.net","uang":57},{"id":"62896733268037@s.whatsapp.net","uang":17},{"id":"6282282762356@s.whatsapp.net","uang":11},{"id":"6281215895396@s.whatsapp.net","uang":38},{"id":"6282130094104@s.whatsapp.net","uang":15},{"id":"6285752705719@s.whatsapp.net","uang":430},{"id":"6283177408997@s.whatsapp.net","uang":379},{"id":"6281222580110@s.whatsapp.net","uang":299},{"id":"6285364011798@s.whatsapp.net","uang":37},{"id":"6282264146759@s.whatsapp.net","uang":13},{"id":"62821826232389@s.whatsapp.net","uang":36},{"id":"17203100825@s.whatsapp.net","uang":116},{"id":"6281257314256@s.whatsapp.net","uang":12},{"id":"62815852682952@s.whatsapp.net","uang":64},{"id":"6281545463585@s.whatsapp.net","uang":16},{"id":"6285764258526@s.whatsapp.net","uang":44},{"id":"6285157740529@s.whatsapp.net","uang":15},{"id":"62857066426329@s.whatsapp.net","uang":144},{"id":"15064066171@s.whatsapp.net","uang":11},{"id":"6281227961957@s.whatsapp.net","uang":41},{"id":"6289696035936@s.whatsapp.net","uang":11},{"id":"6288971419677@s.whatsapp.net","uang":57},{"id":"6289515404471@s.whatsapp.net","uang":79},{"id":"62895393330013@s.whatsapp.net","uang":14},{"id":"6285339388512@s.whatsapp.net","uang":30},{"id":"6283101902066@s.whatsapp.net","uang":15},{"id":"6283199507332@s.whatsapp.net","uang":18},{"id":"62858428727120@s.whatsapp.net","uang":12},{"id":"994400053340@s.whatsapp.net","uang":47},{"id":"6281977817997@s.whatsapp.net","uang":16},{"id":"6281237117784@s.whatsapp.net","uang":14},{"id":"6283184274168@s.whatsapp.net","uang":139},{"id":"62882178431882@s.whatsapp.net","uang":107},{"id":"6287897907561@s.whatsapp.net","uang":51},{"id":"6282387588477@s.whatsapp.net","uang":158},{"id":"923411311236@s.whatsapp.net","uang":17},{"id":"6282328303332@s.whatsapp.net","uang":30},{"id":"6281261324817@s.whatsapp.net","uang":32},{"id":"62895324751094@s.whatsapp.net","uang":16}]