[{"id":"NPS04YSMRTcnu2tdp1PdBTJIJB+CDsfrwin19DAVb+o=","chats":"#help"},{"id":"rrF1RxEoqbOmTvdb2ks0FNdQkQR2TksRbiv4sA9JraI=","chats":"!menu"},{"id":"WLJiBj6+daXQU07uELjRhAs2/Y1VtKl4at1pKZD5Sxs=","chats":"menu"},{"id":"pG9/skU5OnBRdKn85llQua2OnWSjMZbYN3YAC40qHVU=","chats":"!menu"},{"id":"wMUiD7Z8PSTXPzIONm9JnVlDQuRrJ3nWSo5KFl88HIc=","chats":"#menu"},{"id":"W151B4lKkXlgo1kBbn5yQMIrmAYleAe5MNwVNy2bUQU=","chats":"!nsfwmenu"},{"id":"89fZRc8vKIBQC3lE+ax2cM7Rgs7y9GZyMrU6igKIMz8=","chats":".menu"},{"id":"pqwrjUBbaVVmjb99agSsR3Nudk/2o1c6UBPlvDMXUwY=","chats":"#allmenu"},{"id":"Wq/X1TlB+mkUsjMKvqa9V9mZSstkjLtsAPNgBee8Dok=","chats":"menu"},{"id":"Wq/X1TlB+mkUsjMKvqa9V9mZSstkjLtsAPNgBee8Dok=","chats":".menu"},{"id":"Wq/X1TlB+mkUsjMKvqa9V9mZSstkjLtsAPNgBee8Dok=","chats":".menu"},{"id":"dxoI42uliZaQ0n7/vIOI3Efk/yIlCfMKo4PComVtjDU=","chats":"!afk"},{"id":"Wq/X1TlB+mkUsjMKvqa9V9mZSstkjLtsAPNgBee8Dok=","chats":"!menu"},{"id":"dfJ1zOv48g8yOOA7uGod9Dm4nKINl76CLTL++iEPVVg=","chats":".bkp"},{"id":"5nCQVEZcdIwoS5msC2L2DtY1wPI4Bec1k9GmLiPgw4E=","chats":"menu"},{"id":"5nCQVEZcdIwoS5msC2L2DtY1wPI4Bec1k9GmLiPgw4E=","chats":"!menu"},{"id":"S262fqkwxGvVux1qQzXBTpm1aERIgCrCs43Ru2pGuXY=","chats":".vnjak"}]