{
     "ownerName": "PASHA YOGI PRANATA",
     "namaownerkapital": "PASHA YOGI PRANATA",
     "linkgcbot": "https://chat.whatsapp.com/H0Ohj3LWxz8FkIxiHDCCgW",
     "namaowner2": "PASHA YOGI PRANATA",
     "owner": "6285347683869",
     "targetpc": "6285347683869",
     "botName": "KIRANA BOT",
     "hardi": "hardianto", 
    "valkey": "rivalgans", 
     "lolkey": "PinnBotWibu",
     "memberlimit": "50",
	 "limitawal": "200",
     "zekskey": "ro-bot-master",
     "dapapi": "itsmevall",
     "xteamkey": "AbilGanss",
     "txtbelisc": "Sc biasa: 15k\nSc dengan perbaikan/update: 20k",
     "txtPremium": "20k/bulan.",
     "txtDonasi": "Pulsa : 6285347683869\nSaweeria : https://saweria.co/pashayogi .",
     "txtSewa": "Sehari: 0k hehe\n\nSeminggu:15k\n\nSebulan:30k\n\nSc: 15k",
     "HunterApi": "Ikyy69", 
     "xchillds": "XChillDs",
     "autongevn": "Haiii Member KIRANA",
     "bentar": "Mohon Tunggu Sebentar 『⏳』",
     "fake": "KIRANA"
}